lake_id,year,observed_cvht,predicted_cvht,prob_below_normal,prob_near_normal,prob_above_normal,predicted_category,observed_category,predicted_year_type,observed_year_type
AL,1981,0.0,4.815155194524067,0.21,0.19,0.6,Above Normal,Below Normal,Good year,Bad year
AL,1982,6.0,2.772974635400718,0.49,0.17,0.34,Below Normal,Above Normal,Bad year,Good year
AL,1983,3.5,4.690297231819227,0.27,0.13,0.6,Above Normal,Near Normal,Good year,Normal year
AL,1984,3.5,6.392640904052087,0.14,0.07,0.79,Above Normal,Near Normal,Good year,Normal year
AL,1985,7.5,5.8528197890526314,0.17,0.11,0.72,Above Normal,Above Normal,Good year,Good year
AL,1986,7.0,2.596570669843953,0.49,0.16,0.35,Below Normal,Above Normal,Bad year,Good year
AL,1987,4.0,3.151288954903315,0.47,0.09,0.44,Below Normal,Above Normal,Bad year,Good year
AL,1988,9.333333333333332,3.174038202991631,0.31,0.22,0.47,Above Normal,Above Normal,Good year,Good year
AL,1989,1.5,3.2980627689757567,0.46,0.18,0.36,Below Normal,Below Normal,Bad year,Bad year
AL,1990,3.5,1.5622952862959956,0.5,0.22,0.28,Below Normal,Near Normal,Bad year,Normal year
AL,1991,3.5,4.62847242567708,0.2,0.16,0.64,Above Normal,Near Normal,Good year,Normal year
AL,1992,8.666666666666666,4.927868503228796,0.27,0.08,0.65,Above Normal,Above Normal,Good year,Good year
AL,1993,3.5,6.104260142589803,0.16,0.12,0.72,Above Normal,Near Normal,Good year,Normal year
AL,1994,0.0,2.3862493395312017,0.46,0.11,0.43,Below Normal,Below Normal,Bad year,Bad year
AL,1995,3.0,3.9128922428334194,0.29,0.18,0.53,Above Normal,Near Normal,Good year,Normal year
AL,1996,2.5,6.664706100997765,0.19,0.09,0.72,Above Normal,Near Normal,Good year,Normal year
AL,1997,3.8333333333333335,5.716382594427037,0.19,0.08,0.73,Above Normal,Above Normal,Good year,Good year
AL,1998,0.0,3.6019073808363022,0.46,0.12,0.42,Below Normal,Below Normal,Bad year,Bad year
AL,1999,3.5,3.58096114995399,0.38,0.12,0.5,Above Normal,Near Normal,Good year,Normal year
AL,2000,2.0,3.815471646001059,0.42,0.14,0.44,Above Normal,Below Normal,Good year,Bad year
AL,2001,0.5,2.9966600264296366,0.38,0.19,0.43,Above Normal,Below Normal,Good year,Bad year
AL,2002,3.5,3.3424024092212323,0.36,0.16,0.48,Above Normal,Near Normal,Good year,Normal year
AL,2003,3.6666666666666665,3.194963735178841,0.38,0.14,0.48,Above Normal,Above Normal,Good year,Good year
AL,2004,2.333333333333333,1.879282854328907,0.51,0.12,0.37,Below Normal,Near Normal,Bad year,Normal year
AL,2005,6.0,3.576513689491049,0.44,0.13,0.43,Below Normal,Above Normal,Bad year,Good year
AL,2006,3.5,4.422620032790378,0.18,0.11,0.71,Above Normal,Near Normal,Good year,Normal year
AL,2007,10.5,1.7472729789870522,0.62,0.13,0.25,Below Normal,Above Normal,Bad year,Good year
AL,2008,15.0,4.881285417423897,0.19,0.17,0.64,Above Normal,Above Normal,Good year,Good year
AL,2009,12.666666666666666,3.4817426837868015,0.4,0.11,0.49,Above Normal,Above Normal,Good year,Good year
AL,2010,7.0,4.20191599254957,0.3,0.1,0.6,Above Normal,Above Normal,Good year,Good year
AL,2011,3.5,4.073779351031091,0.29,0.16,0.55,Above Normal,Near Normal,Good year,Normal year
AL,2012,3.5,2.6729950292989537,0.43,0.16,0.41,Below Normal,Near Normal,Bad year,Normal year
AL,2013,0.0,4.3423746071156435,0.27,0.17,0.56,Above Normal,Below Normal,Good year,Bad year
AL,2014,3.5,6.027499296409836,0.15,0.11,0.74,Above Normal,Near Normal,Good year,Normal year
AL,2015,0.0,3.1972837952357427,0.32,0.18,0.5,Above Normal,Below Normal,Good year,Bad year
AL,2016,0.0,3.148206375111626,0.34,0.15,0.51,Above Normal,Below Normal,Good year,Bad year
AL,2017,0.5,4.874720356040012,0.24,0.12,0.64,Above Normal,Below Normal,Good year,Bad year
AL,2018,0.0,5.05319378681079,0.19,0.16,0.65,Above Normal,Below Normal,Good year,Bad year
AL,2019,3.5,5.73410830960644,0.24,0.09,0.67,Above Normal,Near Normal,Good year,Normal year
AL,2020,6.0,2.9853534441206664,0.52,0.08,0.4,Below Normal,Above Normal,Bad year,Good year
AL,2021,0.0,3.84064063718598,0.29,0.2,0.51,Above Normal,Below Normal,Good year,Bad year
AL,2022,0.0,2.9602561231600832,0.42,0.11,0.47,Above Normal,Below Normal,Good year,Bad year
AL,2023,2.0,1.9221663455462477,0.5,0.13,0.37,Below Normal,Below Normal,Bad year,Bad year
AL,2024,0.0,2.3974377139744765,0.52,0.19,0.29,Below Normal,Below Normal,Bad year,Bad year
BM,1981,6.0,4.403722353727806,0.89,0.1,0.01,Below Normal,Below Normal,Bad year,Bad year
BM,1982,13.0,11.587635441270155,0.25,0.5,0.25,Near Normal,Near Normal,Normal year,Normal year
BM,1983,21.5,15.238954218227237,0.06,0.32,0.62,Above Normal,Above Normal,Good year,Good year
BM,1984,9.5,6.660970290269068,0.54,0.4,0.06,Below Normal,Near Normal,Bad year,Normal year
BM,1985,1.0,5.055973005521154,0.78,0.2,0.02,Below Normal,Below Normal,Bad year,Bad year
BM,1986,14.5,9.037963440659208,0.45,0.41,0.14,Below Normal,Above Normal,Bad year,Good year
BM,1987,10.0,11.93896085453741,0.21,0.47,0.32,Near Normal,Near Normal,Normal year,Normal year
BM,1988,20.166666666666664,12.988320309315773,0.13,0.41,0.46,Above Normal,Above Normal,Good year,Good year
BM,1989,16.0,10.81329017589575,0.29,0.53,0.18,Near Normal,Above Normal,Normal year,Good year
BM,1990,10.5,8.472817253921477,0.38,0.5,0.12,Near Normal,Near Normal,Normal year,Normal year
BM,1991,19.5,16.194641270329477,0.02,0.23,0.75,Above Normal,Above Normal,Good year,Good year
BM,1992,22.666666666666668,14.45878896462859,0.07,0.39,0.54,Above Normal,Above Normal,Good year,Good year
BM,1993,14.0,12.890260731700822,0.16,0.43,0.41,Near Normal,Above Normal,Normal year,Good year
BM,1994,8.0,11.584524558201798,0.22,0.47,0.31,Near Normal,Below Normal,Normal year,Bad year
BM,1995,16.5,19.620539172641163,0.01,0.09,0.9,Above Normal,Above Normal,Good year,Good year
BM,1996,11.5,14.698763718222056,0.13,0.36,0.51,Above Normal,Near Normal,Good year,Normal year
BM,1997,16.0,14.862869741026431,0.1,0.29,0.61,Above Normal,Above Normal,Good year,Good year
BM,1998,8.5,10.396705866003463,0.37,0.43,0.2,Near Normal,Near Normal,Normal year,Normal year
BM,1999,13.5,7.766101268851246,0.52,0.42,0.06,Below Normal,Near Normal,Bad year,Normal year
BM,2000,5.5,1.949797984251223,0.95,0.05,0.0,Below Normal,Below Normal,Bad year,Bad year
BM,2001,7.0,11.194973629366975,0.24,0.5,0.26,Near Normal,Below Normal,Normal year,Bad year
BM,2002,11.5,12.964287438990924,0.06,0.51,0.43,Near Normal,Near Normal,Normal year,Normal year
BM,2003,12.5,14.499288185191876,0.08,0.33,0.59,Above Normal,Near Normal,Good year,Normal year
BM,2004,6.0,10.16101864428586,0.28,0.49,0.23,Near Normal,Below Normal,Normal year,Bad year
BM,2005,10.0,14.29536251214179,0.11,0.41,0.48,Above Normal,Near Normal,Good year,Normal year
BM,2006,7.0,13.586542741343186,0.1,0.27,0.63,Above Normal,Below Normal,Good year,Bad year
BM,2007,9.5,12.020955313538549,0.18,0.52,0.3,Near Normal,Near Normal,Normal year,Normal year
BM,2008,6.333333333333333,6.637746245354535,0.6,0.35,0.05,Below Normal,Below Normal,Bad year,Bad year
BM,2009,4.0,9.259421364333493,0.41,0.47,0.12,Near Normal,Below Normal,Normal year,Bad year
BM,2010,17.333333333333332,10.475506219893935,0.29,0.41,0.3,Near Normal,Above Normal,Normal year,Good year
BM,2011,5.666666666666666,14.691201836391972,0.05,0.38,0.57,Above Normal,Below Normal,Good year,Bad year
BM,2012,2.5,7.456376439110438,0.52,0.43,0.05,Below Normal,Below Normal,Bad year,Bad year
BM,2013,15.833333333333332,15.841221826942387,0.04,0.28,0.68,Above Normal,Above Normal,Good year,Good year
BM,2014,18.5,15.12185688797754,0.07,0.32,0.61,Above Normal,Above Normal,Good year,Good year
BM,2015,8.0,14.0546006666692,0.1,0.27,0.63,Above Normal,Below Normal,Good year,Bad year
BM,2016,10.5,8.560592672059325,0.4,0.46,0.14,Near Normal,Near Normal,Normal year,Normal year
BM,2017,12.0,8.903018266900396,0.4,0.43,0.17,Near Normal,Near Normal,Normal year,Normal year
BM,2018,19.5,13.138254950387106,0.11,0.45,0.44,Near Normal,Above Normal,Normal year,Good year
BM,2019,13.5,15.68156030181942,0.04,0.32,0.64,Above Normal,Near Normal,Good year,Normal year
BM,2020,16.0,13.842750908121442,0.12,0.44,0.44,Near Normal,Above Normal,Normal year,Good year
BM,2021,8.0,9.45984959547346,0.31,0.58,0.11,Near Normal,Below Normal,Normal year,Bad year
BM,2022,6.0,7.159997634930975,0.53,0.42,0.05,Below Normal,Below Normal,Bad year,Bad year
BM,2023,17.5,11.502217385586931,0.16,0.5,0.34,Near Normal,Above Normal,Normal year,Good year
BM,2024,4.0,11.820968491500874,0.24,0.51,0.25,Near Normal,Below Normal,Normal year,Bad year
CR,1981,21.0,27.302877982872616,0.25,0.62,0.13,Near Normal,Below Normal,Normal year,Bad year
CR,1982,36.5,25.730082626332877,0.42,0.42,0.16,Below Normal,Above Normal,Bad year,Good year
CR,1983,35.0,30.336073546446496,0.18,0.54,0.28,Near Normal,Above Normal,Normal year,Good year
CR,1984,33.0,24.42080336886149,0.36,0.5,0.14,Near Normal,Near Normal,Normal year,Normal year
CR,1985,25.5,25.142309245268745,0.43,0.43,0.14,Below Normal,Near Normal,Bad year,Normal year
CR,1986,34.833333333333336,24.569686454812203,0.47,0.4,0.13,Below Normal,Above Normal,Bad year,Good year
CR,1987,22.833333333333336,27.436246671168423,0.3,0.52,0.18,Near Normal,Below Normal,Normal year,Bad year
CR,1988,38.166666666666664,30.49301284911364,0.2,0.39,0.41,Above Normal,Above Normal,Good year,Good year
CR,1989,36.0,26.646585663513527,0.36,0.49,0.15,Near Normal,Above Normal,Normal year,Good year
CR,1990,28.5,26.704561922214516,0.24,0.54,0.22,Near Normal,Near Normal,Normal year,Normal year
CR,1991,33.166666666666664,29.095573998588407,0.17,0.55,0.28,Near Normal,Above Normal,Normal year,Good year
CR,1992,32.166666666666664,30.665900602992256,0.17,0.47,0.36,Near Normal,Near Normal,Normal year,Normal year
CR,1993,34.5,27.56459675098008,0.32,0.44,0.24,Near Normal,Above Normal,Normal year,Good year
CR,1994,25.0,24.891234121157524,0.4,0.46,0.14,Near Normal,Near Normal,Normal year,Normal year
CR,1995,35.5,28.492985482563903,0.22,0.49,0.29,Near Normal,Above Normal,Normal year,Good year
CR,1996,37.0,31.899211631059487,0.19,0.42,0.39,Near Normal,Above Normal,Normal year,Good year
CR,1997,34.666666666666664,29.067079568169103,0.2,0.54,0.26,Near Normal,Above Normal,Normal year,Good year
CR,1998,22.666666666666664,27.00262883564782,0.39,0.41,0.2,Near Normal,Below Normal,Normal year,Bad year
CR,1999,32.0,28.331968504398635,0.26,0.48,0.26,Near Normal,Near Normal,Normal year,Normal year
CR,2000,33.5,26.600518484783183,0.41,0.45,0.14,Near Normal,Above Normal,Normal year,Good year
CR,2001,28.5,25.399201713478064,0.37,0.53,0.1,Near Normal,Near Normal,Normal year,Normal year
CR,2002,34.166666666666664,28.44971523639853,0.23,0.55,0.22,Near Normal,Above Normal,Normal year,Good year
CR,2003,23.0,30.665090162496337,0.16,0.43,0.41,Near Normal,Below Normal,Normal year,Bad year
CR,2004,31.0,25.038190454302843,0.37,0.45,0.18,Near Normal,Near Normal,Normal year,Normal year
CR,2005,23.5,29.12646168612758,0.23,0.46,0.31,Near Normal,Below Normal,Normal year,Bad year
CR,2006,23.0,26.620755468773243,0.21,0.51,0.28,Near Normal,Below Normal,Normal year,Bad year
CR,2007,27.166666666666664,26.1680829124448,0.38,0.42,0.2,Near Normal,Near Normal,Normal year,Normal year
CR,2008,25.166666666666664,30.248831451681937,0.14,0.47,0.39,Near Normal,Near Normal,Normal year,Normal year
CR,2009,24.666666666666668,27.132715346450027,0.34,0.45,0.21,Near Normal,Near Normal,Normal year,Normal year
CR,2010,22.25,28.21845550663934,0.23,0.45,0.32,Near Normal,Below Normal,Normal year,Bad year
CR,2011,33.0,29.684034654479515,0.16,0.49,0.35,Near Normal,Near Normal,Normal year,Normal year
CR,2012,37.0,25.315099282690415,0.37,0.52,0.11,Near Normal,Above Normal,Normal year,Good year
CR,2013,44.0,31.131218379387526,0.12,0.43,0.45,Above Normal,Above Normal,Good year,Good year
CR,2014,27.666666666666664,27.914629363782556,0.26,0.58,0.16,Near Normal,Near Normal,Normal year,Normal year
CR,2015,17.666666666666664,30.800318446764376,0.16,0.39,0.45,Above Normal,Below Normal,Good year,Bad year
CR,2016,24.666666666666664,24.90818230766149,0.35,0.51,0.14,Near Normal,Near Normal,Normal year,Normal year
CR,2017,20.5,27.15494903849638,0.32,0.46,0.22,Near Normal,Below Normal,Normal year,Bad year
CR,2018,21.5,26.923642313614145,0.25,0.58,0.17,Near Normal,Below Normal,Normal year,Bad year
CR,2019,26.0,30.80889281049427,0.2,0.46,0.34,Near Normal,Near Normal,Normal year,Normal year
CR,2020,22.0,29.195153544757705,0.24,0.5,0.26,Near Normal,Below Normal,Normal year,Bad year
CR,2021,14.0,27.647079644703627,0.23,0.59,0.18,Near Normal,Below Normal,Normal year,Bad year
CR,2022,17.333333333333332,30.764856601550218,0.12,0.42,0.46,Above Normal,Below Normal,Good year,Bad year
CR,2023,18.5,24.462006949930963,0.41,0.42,0.17,Near Normal,Below Normal,Normal year,Bad year
CR,2024,18.0,24.571988289080185,0.48,0.43,0.09,Below Normal,Below Normal,Bad year,Bad year
SP,1981,15.0,18.373369781027147,0.48,0.5,0.02,Near Normal,Below Normal,Normal year,Bad year
SP,1982,25.0,20.573862206413644,0.28,0.49,0.23,Near Normal,Above Normal,Normal year,Good year
SP,1983,25.0,22.752372939441592,0.12,0.47,0.41,Near Normal,Above Normal,Normal year,Good year
SP,1984,22.0,19.305115995795276,0.33,0.48,0.19,Near Normal,Near Normal,Normal year,Normal year
SP,1985,23.5,16.335206030259044,0.73,0.23,0.04,Below Normal,Above Normal,Bad year,Good year
SP,1986,17.5,19.72174100032601,0.39,0.44,0.17,Near Normal,Below Normal,Normal year,Bad year
SP,1987,22.0,19.068616222048853,0.48,0.4,0.12,Below Normal,Near Normal,Bad year,Normal year
SP,1988,27.666666666666668,19.739790660009973,0.28,0.51,0.21,Near Normal,Above Normal,Normal year,Good year
SP,1989,24.5,19.993054847843016,0.36,0.47,0.17,Near Normal,Above Normal,Normal year,Good year
SP,1990,22.0,18.216547947656647,0.4,0.48,0.12,Near Normal,Near Normal,Normal year,Normal year
SP,1991,21.333333333333332,21.634835338385116,0.16,0.48,0.36,Near Normal,Near Normal,Normal year,Normal year
SP,1992,23.5,22.766636992345248,0.12,0.47,0.41,Near Normal,Above Normal,Normal year,Good year
SP,1993,20.5,21.799659337843615,0.18,0.46,0.36,Near Normal,Near Normal,Normal year,Normal year
SP,1994,15.5,22.94325866226564,0.15,0.33,0.52,Above Normal,Below Normal,Good year,Bad year
SP,1995,23.5,23.838780482300905,0.05,0.37,0.58,Above Normal,Above Normal,Good year,Good year
SP,1996,27.333333333333336,22.57292042020395,0.22,0.41,0.37,Near Normal,Above Normal,Normal year,Good year
SP,1997,26.0,23.228685903890273,0.15,0.34,0.51,Above Normal,Above Normal,Good year,Good year
SP,1998,15.0,18.46816958699103,0.56,0.35,0.09,Below Normal,Below Normal,Bad year,Bad year
SP,1999,23.0,18.65277425909634,0.46,0.47,0.07,Near Normal,Near Normal,Normal year,Normal year
SP,2000,17.0,15.12332995687789,0.85,0.14,0.01,Below Normal,Below Normal,Bad year,Bad year
SP,2001,20.0,19.28497826334721,0.37,0.51,0.12,Near Normal,Near Normal,Normal year,Normal year
SP,2002,23.833333333333336,21.769377420757287,0.13,0.55,0.32,Near Normal,Above Normal,Normal year,Good year
SP,2003,16.0,21.85630589595232,0.17,0.42,0.41,Near Normal,Below Normal,Normal year,Bad year
SP,2004,19.833333333333332,20.193295056634003,0.24,0.5,0.26,Near Normal,Near Normal,Normal year,Normal year
SP,2005,18.0,21.728396540679533,0.18,0.51,0.31,Near Normal,Below Normal,Normal year,Bad year
SP,2006,19.5,20.868294042708033,0.17,0.46,0.37,Near Normal,Near Normal,Normal year,Normal year
SP,2007,18.0,20.086674079449736,0.35,0.43,0.22,Near Normal,Below Normal,Normal year,Bad year
SP,2008,14.5,19.594503536785417,0.36,0.46,0.18,Near Normal,Below Normal,Normal year,Bad year
SP,2009,16.5,19.201298840997875,0.41,0.47,0.12,Near Normal,Below Normal,Normal year,Bad year
SP,2010,15.5,18.987277053393072,0.39,0.4,0.21,Near Normal,Below Normal,Normal year,Bad year
SP,2011,17.5,22.17816189057184,0.13,0.47,0.4,Near Normal,Below Normal,Normal year,Bad year
SP,2012,10.5,17.65165176267072,0.53,0.42,0.05,Below Normal,Below Normal,Bad year,Bad year
SP,2013,21.5,22.365782115667297,0.13,0.42,0.45,Above Normal,Near Normal,Good year,Normal year
SP,2014,23.166666666666668,25.103392593111217,0.04,0.26,0.7,Above Normal,Above Normal,Good year,Good year
SP,2015,17.5,21.08144963315334,0.2,0.41,0.39,Near Normal,Below Normal,Normal year,Bad year
SP,2016,25.5,18.79913649532747,0.39,0.47,0.14,Near Normal,Above Normal,Normal year,Good year
SP,2017,24.0,19.84827253707441,0.34,0.45,0.21,Near Normal,Above Normal,Normal year,Good year
SP,2018,22.5,20.63329792966751,0.24,0.51,0.25,Near Normal,Near Normal,Normal year,Normal year
SP,2019,21.833333333333336,23.15680101897868,0.11,0.46,0.43,Near Normal,Near Normal,Normal year,Normal year
SP,2020,25.0,22.713429500807397,0.13,0.46,0.41,Near Normal,Above Normal,Normal year,Good year
SP,2021,14.0,20.031249654653553,0.26,0.57,0.17,Near Normal,Below Normal,Normal year,Bad year
SP,2022,19.0,19.147700460806,0.4,0.44,0.16,Near Normal,Near Normal,Normal year,Normal year
SP,2023,23.5,20.55507862414436,0.24,0.47,0.29,Near Normal,Above Normal,Normal year,Good year
SP,2024,19.5,20.648977681037675,0.29,0.53,0.18,Near Normal,Near Normal,Normal year,Normal year
TR,1981,39.5,50.80277949895125,0.8,0.19,0.01,Below Normal,Below Normal,Bad year,Bad year
TR,1982,67.5,59.84601451499663,0.26,0.49,0.25,Near Normal,Above Normal,Normal year,Good year
TR,1983,63.0,63.4050333494036,0.11,0.42,0.47,Above Normal,Near Normal,Good year,Normal year
TR,1984,58.5,55.60580893759544,0.38,0.46,0.16,Near Normal,Near Normal,Normal year,Normal year
TR,1985,56.5,48.9040313680632,0.84,0.15,0.01,Below Normal,Near Normal,Bad year,Normal year
TR,1986,63.0,55.09055307470722,0.53,0.34,0.13,Below Normal,Near Normal,Bad year,Normal year
TR,1987,56.5,55.83333490690056,0.53,0.35,0.12,Below Normal,Near Normal,Bad year,Normal year
TR,1988,68.66666666666667,55.90678210328471,0.37,0.49,0.14,Near Normal,Above Normal,Normal year,Good year
TR,1989,61.5,59.9797194077531,0.26,0.54,0.2,Near Normal,Near Normal,Normal year,Normal year
TR,1990,53.0,55.53106023140505,0.39,0.46,0.15,Near Normal,Below Normal,Normal year,Bad year
TR,1991,64.66666666666667,60.46916042237721,0.17,0.47,0.36,Near Normal,Above Normal,Normal year,Good year
TR,1992,69.66666666666667,61.67408173510926,0.18,0.45,0.37,Near Normal,Above Normal,Normal year,Good year
TR,1993,58.5,63.24304511890355,0.12,0.39,0.49,Above Normal,Near Normal,Good year,Normal year
TR,1994,55.0,58.82546581543029,0.27,0.48,0.25,Near Normal,Below Normal,Normal year,Bad year
TR,1995,60.5,69.0570846022119,0.02,0.16,0.82,Above Normal,Near Normal,Good year,Normal year
TR,1996,69.16666666666667,63.7427302567543,0.17,0.39,0.44,Above Normal,Above Normal,Good year,Good year
TR,1997,67.5,63.023036992828175,0.17,0.35,0.48,Above Normal,Above Normal,Good year,Good year
TR,1998,44.83333333333333,52.83191262548608,0.74,0.2,0.06,Below Normal,Below Normal,Bad year,Bad year
TR,1999,60.0,53.12346362956664,0.65,0.33,0.02,Below Normal,Near Normal,Bad year,Normal year
TR,2000,55.0,47.70567708707869,0.92,0.08,0.0,Below Normal,Below Normal,Bad year,Bad year
TR,2001,49.0,56.61752684862882,0.38,0.5,0.12,Near Normal,Below Normal,Normal year,Bad year
TR,2002,64.5,59.67316529559372,0.25,0.5,0.25,Near Normal,Above Normal,Normal year,Good year
TR,2003,55.5,63.934758624670366,0.09,0.32,0.59,Above Normal,Near Normal,Good year,Normal year
TR,2004,56.333333333333336,56.8468762867928,0.36,0.44,0.2,Near Normal,Near Normal,Normal year,Normal year
TR,2005,53.83333333333333,62.447733035142505,0.14,0.46,0.4,Near Normal,Below Normal,Normal year,Bad year
TR,2006,57.5,60.464115627993294,0.17,0.35,0.48,Above Normal,Near Normal,Good year,Normal year
TR,2007,52.33333333333333,56.86275751858683,0.43,0.38,0.19,Below Normal,Below Normal,Bad year,Bad year
TR,2008,49.16666666666667,57.349048951145534,0.36,0.44,0.2,Near Normal,Below Normal,Normal year,Bad year
TR,2009,50.666666666666664,56.675320144423736,0.42,0.43,0.15,Near Normal,Below Normal,Normal year,Bad year
TR,2010,47.833333333333336,52.85743145686067,0.64,0.23,0.13,Below Normal,Below Normal,Bad year,Bad year
TR,2011,61.0,61.56771663804213,0.13,0.47,0.4,Near Normal,Near Normal,Normal year,Normal year
TR,2012,45.5,49.50493830004927,0.86,0.12,0.02,Below Normal,Below Normal,Bad year,Bad year
TR,2013,63.0,63.96660557991195,0.09,0.36,0.55,Above Normal,Near Normal,Good year,Normal year
TR,2014,70.33333333333333,66.50117618064002,0.04,0.26,0.7,Above Normal,Above Normal,Good year,Good year
TR,2015,50.0,59.373853644251454,0.22,0.41,0.37,Near Normal,Below Normal,Normal year,Bad year
TR,2016,61.33333333333333,52.968664915097975,0.54,0.37,0.09,Below Normal,Near Normal,Bad year,Normal year
TR,2017,64.0,55.58881384461285,0.46,0.37,0.17,Below Normal,Above Normal,Bad year,Good year
TR,2018,64.5,61.70388308868203,0.12,0.44,0.44,Near Normal,Above Normal,Normal year,Good year
TR,2019,68.5,65.3541681133935,0.06,0.33,0.61,Above Normal,Above Normal,Good year,Good year
TR,2020,71.0,62.32868207948257,0.15,0.45,0.4,Near Normal,Above Normal,Normal year,Good year
TR,2021,53.0,55.803969480674176,0.45,0.46,0.09,Near Normal,Below Normal,Normal year,Bad year
TR,2022,51.33333333333333,57.40952835145545,0.39,0.41,0.2,Near Normal,Below Normal,Normal year,Bad year
TR,2023,65.0,58.62584636034651,0.24,0.47,0.29,Near Normal,Above Normal,Normal year,Good year
TR,2024,46.5,59.06777712128557,0.29,0.51,0.2,Near Normal,Below Normal,Normal year,Bad year
